{
  "angle_wind_relative":344.3096358255994,
  "depth":8614.9631792749115,
  "list":39.216566562753428,
  "power":31.922113053464383,
  "sog":20.916180985940706,
  "relative_windspeed":49.62574034446186,
  "stw":7.6303721143074217,
  "trim":4.8518696473221627
}

